att,beta.gene.sex,pval.gene.sex,p.bon.gene.sex
HEPH,89.17506224,5.4261e-53,8.263407689999999e-49
CA5BP,219.89161087,1.7294e-51,2.63370326e-47
CXorf36,105.65402918,1.8764e-51,2.85756956e-47
EIF1AX,195.02429507,2.2716e-50,3.45941964e-46
TXLNG,379.46954424,2.8983e-50,4.41382107e-46
EIF2S3,376.20959049,3.6868e-50,5.61462772e-46
RPS4X,256.89725807,4.1622e-50,6.3386143799999994e-46
X6.Sep,337.10834925,9.2224e-50,1.404479296e-45
KDM5C,361.81695005,1.3009e-49,1.98114061e-45
LOC389906,152.84586723,3.9026e-49,5.94326954e-45
KDM6A,355.19479654,4.0826e-49,6.21739154e-45
PNPLA4,196.34250095,1.1528e-48,1.75559912e-44
TSIX,128.62687652,3.0515e-48,4.64712935e-44
ZRSR2,139.34127224,5.3683e-48,8.17538407e-44
ARSD,177.37021485,5.4464e-48,8.294322560000001e-44
MAP7D2,139.51527788,1.4137e-46,2.15292373e-42
HDHD1,327.2420678,5.1611e-46,7.859839190000001e-42
CA5B,192.69577289,7.7377e-46,1.178374333e-41
ZFX,443.71049835,1.7487e-45,2.66309523e-41
PRKX,327.14727507,3.3061e-45,5.034859690000001e-41
CXorf38,244.25086307,6.2128e-41,9.46147312e-37
OPLAH,85.79316346,2.9034e-40,4.42158786e-36
CDK16,223.73590013,3.3408e-40,5.08770432e-36
TMSB4Y,-170.92033396,1.4331e-39,2.1824679899999998e-35
DDX3X,200.91094524,2.6064e-38,3.96928656e-34
SMC1A,171.94116841,2.7722e-35,4.22178338e-31
NCRNA00183,82.85075998,6.7382e-35,1.026160478e-30
ERCC6L,60.10924194,1.2663e-34,1.92844827e-30
RPS4Y2,-172.86545014,4.8807e-34,7.43281803e-30
C1orf93,-155.97157008,8.0706e-34,1.2290716739999999e-29
INE1,91.92458892,8.2813e-34,1.2611591770000001e-29
TTTY14,-186.99474118,9.8575e-32,1.501198675e-27
TTTY10,-181.0169138,2.9629e-31,4.51220041e-27
RPS4Y1,-189.11755076,5.0045e-31,7.62135305e-27
PRKY,-199.02363113,2.6204e-30,3.9906071600000004e-26
EIF1AY,-197.26542846,2.7111e-29,4.1287341900000003e-25
ALG13,164.6857271,6.8079e-29,1.036775091e-24
MMEL1,-42.72099179,1.2543e-28,1.91017347e-24
KDM5D,-202.40350011,2.8297e-28,4.30935013e-24
SYAP1,145.11027734,3.8754e-28,5.90184666e-24
STS,96.84500306,1.9196e-27,2.92335884e-23
XIST,222.33742035,5.3009e-27,8.07274061e-23
DDX3Y,-213.11486963,1.3985e-26,2.12977565e-22
UTY,-217.22532921,2.6801e-26,4.08152429e-22
USP9Y,-220.51418337,1.952e-25,2.9727008e-21
CYorf15B,-222.30870868,7.0958e-25,1.080619382e-20
CD274,51.3871939,1.2049e-24,1.8349422099999998e-20
BCORP1,-227.02225972,4.6824e-24,7.13082696e-20
GPR109A,66.48972102,5.704e-24,8.686621600000001e-20
TRAPPC2,127.37674589,6.0619e-24,9.231667509999999e-20
GPR109B,57.94905746,6.6342e-24,1.010322318e-19
CYorf15A,-230.30439839,1.561e-23,2.3772469e-19
ZFY,-233.39731377,2.0222e-23,3.07960838e-19
NOS3,68.94804789,1.2536e-22,1.9091074400000002e-18
NCRNA00185,-230.41851953,3.5099e-22,5.34522671e-18
ADAMTSL2,-37.23056955,4.9583e-22,7.550995070000001e-18
NAA10,139.45213907,6.7678e-22,1.030668262e-17
TTTY15,-245.0912221,1.7302e-21,2.6349215800000002e-17
ADM,49.47374776,2.4186e-21,3.68328594e-17
DGKK,-35.74354518,1.2312e-20,1.87499448e-16
LOC254559,-45.46336044,2.0376e-20,3.10306104e-16
NKRF,125.6379425,4.8043e-20,7.31646847e-16
GPR171,68.94544278,7.663e-20,1.16699827e-15
ULK1,-111.62408722,1.0273e-19,1.5644751699999998e-15
DDX43,-30.14785435,9.3103e-19,1.4178655870000001e-14
MFSD6L,35.46982266,1.1162e-18,1.69986098e-14
C2orf55,-45.57277726,1.2399e-18,1.88824371e-14
MPO,-32.88049423,1.8057e-18,2.74990053e-14
CACNA1E,38.41905199,2.1129e-18,3.21773541e-14
GK,68.3490171,2.2509e-18,3.42789561e-14
PDCD1LG2,32.08122807,2.3065e-18,3.51256885e-14
NSD1,-126.2373521,3.9376e-18,5.99657104e-14
CHST10,-64.732433,5.0231e-18,7.64967899e-14
PER3,-50.82970668,5.7707e-18,8.78819903e-14
CLIC6,-27.9656678,9.3636e-18,1.425982644e-13
MAN2A2,-83.52549968,1.1187e-17,1.70366823e-13
ASF1B,-55.99043862,1.4745e-17,2.24551605e-13
KCNJ2,56.81337901,1.5518e-17,2.36323622e-13
SEMA4F,86.92789839,1.7096e-17,2.60354984e-13
TNFAIP6,37.72132281,1.9918e-17,3.0333122200000003e-13
CREB5,65.60200249,2.224e-17,3.3869295999999997e-13
GALNT3,87.15577502,3.4181e-17,5.20542449e-13
TJP3,53.27141105,4.5301e-17,6.898889290000001e-13
IFITM1,48.17965025,9.6847e-17,1.474882963e-12
ADAMTSL5,41.62906505,1.0446e-16,1.59082134e-12
SOCS3,37.66369427,1.4151e-16,2.1550557900000002e-12
DACT1,33.6049821,1.4987e-16,2.28237023e-12
PTGER2,67.42489452,1.7918e-16,2.72873222e-12
SECTM1,52.44424289,1.8158e-16,2.76528182e-12
EVC2,-34.58216419,2.2704e-16,3.4575921599999997e-12
FUNDC1,69.68950956,2.464e-16,3.7524256e-12
SOCS2,50.83894356,2.5641e-16,3.90486789e-12
PRSS16,28.44319984,3.1686e-16,4.82546094e-12
LTB,66.65894315,3.6121e-16,5.5008670900000004e-12
PRAM1,-66.41371818,4.1183e-16,6.27175907e-12
FFAR2,52.41619987,4.6225e-16,7.03960525e-12
CD2,72.04672341,5.1883e-16,7.901262069999999e-12
ZNF362,-105.40943424,5.2417e-16,7.98258493e-12
IRAK1,-124.91124179,5.7424e-16,8.745100960000001e-12
KBTBD11,-61.7941842,6.6337e-16,1.010246173e-11
FRG1B,-46.17011651,8.8284e-16,1.344477036e-11
XG,21.28869566,1.3695e-15,2.08561155e-11
ATRN,-106.02260273,1.4101e-15,2.14744129e-11
ZNF629,-69.92707684,1.9551e-15,2.97742179e-11
PHLDB2,60.68795882,2.4508e-15,3.73232332e-11
ICOS,77.12763588,2.4983e-15,3.80466107e-11
FCGR1A,28.70903615,3.1046e-15,4.72799534e-11
CORO7,-99.74532327,3.3971e-15,5.17344359e-11
DAPK2,-55.34326584,3.8664e-15,5.888140559999999e-11
DDHD1,91.83660395,4.2753e-15,6.51085437e-11
AZU1,-23.51254033,4.7143e-15,7.179407470000001e-11
NAV1,-55.75846544,6.1824e-15,9.415176959999999e-11
ABL1,-116.2764489,6.9304e-15,1.055430616e-10
HEXA,-102.99299016,7.1304e-15,1.0858886159999999e-10
C16orf45,-41.15153612,7.5515e-15,1.150017935e-10
PTGDS,-31.15781135,8.1843e-15,1.2463870470000001e-10
CD34,-27.387904,9.3775e-15,1.4280994750000002e-10
PRKACA,-86.09345317,1.0539e-14,1.60498431e-10
TRAT1,73.30919878,1.1222e-14,1.70899838e-10
CEACAM6,-22.92198071,1.1876e-14,1.80859604e-10
PCID2,111.20837405,1.188e-14,1.8092052e-10
ALDH3B1,-73.71717885,1.4728e-14,2.2429271200000002e-10
PTPRCAP,75.85470929,1.9237e-14,2.92960273e-10
EXTL3,-76.24760547,2.594e-14,3.9504026000000003e-10
FLT3,-39.35458659,2.9373e-14,4.47321417e-10
GBP6,28.86313746,3.0543e-14,4.65139347e-10
RHOH,87.911781,3.187e-14,4.853482300000001e-10
ZNF438,57.04607667,3.206e-14,4.8824174e-10
OFD1,73.36985889,3.2157e-14,4.89718953e-10
GEMIN8,55.56276853,3.4958e-14,5.32375382e-10
ABCC6,-41.32888339,3.5858e-14,5.46081482e-10
EIF2AK4,-93.93846454,3.8517e-14,5.86575393e-10
AP1B1,-102.33379005,4.1793e-14,6.36465597e-10
INSR,-61.61191716,4.3696e-14,6.65446384e-10
CNN1,22.0000349,5.1281e-14,7.80958349e-10
PHKG2,-121.76683571,5.7469e-14,8.75195401e-10
HIPK2,-76.75456252,6.1514e-14,9.36796706e-10
GPR174,57.15454496,7.6536e-14,1.1655667439999999e-9
QARS,-109.32795517,8.1954e-14,1.248077466e-9
ADAM22,51.21671038,1.0219e-13,1.55625151e-9
NEURL1B,-30.12292453,1.2918e-13,1.9672822200000002e-9
ELANE,-21.68523639,1.8896e-13,2.87767184e-9
MANSC1,-64.36020877,1.9403e-13,2.9548828700000002e-9
AMFR,-76.29462094,2.2063e-13,3.3599742699999997e-9
BCKDK,-84.76602535,2.3051e-13,3.51043679e-9
SH3BP4,-42.47250793,2.4626e-13,3.75029354e-9
CCDC147,40.49129364,2.6361e-13,4.014516690000001e-9
SIT1,65.55859203,2.9486e-13,4.49042294e-9
CTSG,-21.03556142,3.3858e-13,5.15623482e-9
TP53INP2,-43.96597116,3.7364e-13,5.69016356e-9
TUFT1,48.4201547,4.2836e-13,6.52349444e-9
APOL2,48.60800605,4.384e-13,6.6763935999999994e-9
SLC2A9,-53.54705219,4.4351e-13,6.75421379e-9
MLLT3,80.98903091,4.6236e-13,7.041280439999999e-9
PIM3,49.31078195,4.7305e-13,7.20407845e-9
TSC2,-98.96367289,6.3825e-13,9.71990925e-9
TMOD2,54.30226482,6.9212e-13,1.0540295479999999e-8
LCNL1,-27.50706439,7.3058e-13,1.112600282e-8
DES,21.78447358,7.3383e-13,1.1175497070000001e-8
DAAM2,-23.87137082,7.5647e-13,1.152028163e-8
NLRP2,20.35366449,8.1927e-13,1.247666283e-8
IPW,55.30209773,9.254e-13,1.40929166e-8
FLII,-88.80940411,9.8336e-13,1.497558944e-8
MSL3,75.52111461,1.1333e-12,1.72590257e-8
CCDC106,-64.99674196,1.1976e-12,1.82382504e-8
CUEDC1,-56.37470098,1.2687e-12,1.93210323e-8
RTN2,44.06839268,1.3151e-12,2.0027657899999998e-8
FCGR1B,27.39396535,1.3209e-12,2.01159861e-8
OSM,33.00136101,1.3972e-12,2.12779588e-8
INPPL1,-103.01578669,1.4038e-12,2.13784702e-8
AFF2,-30.16150386,1.4589e-12,2.22175881e-8
C5orf56,48.90809144,1.7081e-12,2.60126549e-8
CD70,26.09534496,1.7267e-12,2.62959143e-8
LOC388387,-32.16203429,1.7404e-12,2.6504551599999997e-8
MOXD1,30.32420839,1.7566e-12,2.67512614e-8
ASPRV1,37.8094355,1.8385e-12,2.7998516499999998e-8
G6PC3,-73.64845157,2.1441e-12,3.26524989e-8
RHOB,-45.72750834,2.202e-12,3.3534258000000004e-8
SLC25A5,-87.79972347,2.2226e-12,3.3847975399999995e-8
HADHA,-88.62869226,2.23e-12,3.396067e-8
NOSIP,65.27491896,2.3653e-12,3.60211537e-8
ZNF282,-89.1179427,2.3721e-12,3.6124710899999996e-8
ABHD2,-70.24458315,2.4166e-12,3.68024014e-8
HDLBP,-82.47916421,2.4264e-12,3.69516456e-8
DEFA4,-19.3751167,2.6063e-12,3.9691342699999996e-8
KIAA0232,-111.38899071,2.7271e-12,4.15310059e-8
PRTN3,-19.99757336,2.801e-12,4.2656428999999996e-8
LPAR6,50.01576293,2.8179e-12,4.29137991e-8
YWHAG,-98.25756191,3.4358e-12,5.23237982e-8
IL18,-43.07283992,3.5018e-12,5.3328912199999996e-8
KREMEN1,30.15738452,3.6698e-12,5.58873842e-8
PARP9,41.67144672,3.749e-12,5.7093521000000004e-8
LIMK2,54.29310797,4.024e-12,6.128149599999999e-8
CTDSP2,-81.31370801,4.0259e-12,6.13104311e-8
CHP,-79.26744122,4.0549e-12,6.175207209999999e-8
CYTL1,-21.05511651,4.1477e-12,6.31653233e-8
BPI,-22.12017282,4.1828e-12,6.369986120000001e-8
LOC100233209,61.73802465,4.4569e-12,6.787413009999999e-8
PLEKHG3,-67.79738417,4.4816e-12,6.825028639999999e-8
CLCN7,-76.3633518,4.9323e-12,7.51139967e-8
IRS2,-40.66168551,5.107e-12,7.7774503e-8
SERPING1,24.84170657,5.515e-12,8.3987935e-8
ALDH4A1,-60.48178262,5.588e-12,8.5099652e-8
LRG1,45.46092233,5.7078e-12,8.69240862e-8
SEC16A,-82.16813428,6.1865e-12,9.42142085e-8
TIFA,52.47195376,6.5884e-12,1.003347436e-7
MYO5A,-93.27195548,6.8858e-12,1.048638482e-7
SLAMF1,57.86543438,7.0349e-12,1.071344921e-7
RASSF4,-57.78249812,8.6051e-12,1.310470679e-7
LOC400960,42.08034199,8.6474e-12,1.316912546e-7
ARID5B,63.37327462,9.0169e-12,1.373183701e-7
PPFIA3,40.10615988,9.0453e-12,1.377508737e-7
FAM13A,44.76971303,9.0509e-12,1.378361561e-7
LGR6,-37.22012634,9.0657e-12,1.380615453e-7
WDR52,58.08407673,9.5684e-12,1.4571716359999999e-7
PIGT,-86.72498841,1.0578e-11,1.61092362e-7
PLSCR1,37.81163614,1.1144e-11,1.69711976e-7
HDAC3,-107.71998993,1.1908e-11,1.81346932e-7
STIM1,-103.06016391,1.1912e-11,1.81407848e-7
HOPX,38.54365319,1.2538e-11,1.90941202e-7
SAMD9L,37.68487665,1.2542e-11,1.91002118e-7
SPESP1,-17.34146387,1.3258e-11,2.0190608200000001e-7
GBA2,-86.87475974,1.3707e-11,2.08743903e-7
GSK3A,-83.14059077,1.498e-11,2.2813042e-7
FXYD6,-40.68695102,1.5561e-11,2.3697846900000003e-7
C21orf29,21.48131056,1.6003e-11,2.43709687e-7
SEMA4C,72.25720318,1.6737e-11,2.54887773e-7
CASP5,24.79819726,1.7483e-11,2.66248607e-7
DGKG,-48.39394451,1.772e-11,2.6985788e-7
SLC22A4,41.24138798,1.8381e-11,2.79924249e-7
ATG9B,54.55452106,1.9425e-11,2.95823325e-7
CYP4F12,-25.59503854,2.0282e-11,3.08874578e-7
LILRA1,-59.77579786,2.1862e-11,3.32936398e-7
FCHO1,-80.89123575,2.2258e-11,3.3896708200000003e-7
CACNB3,34.65285277,2.3308e-11,3.54957532e-7
TMEM140,42.75688463,2.3521e-11,3.58201309e-7
GPS2,-70.96503692,2.5786e-11,3.92694994e-7
MT2A,33.765803150000004,2.6232e-11,3.99487128e-7
CD300A,54.26908873,2.6973e-11,4.1077181700000004e-7
GDF10,-26.07852891,2.7574e-11,4.19924446e-7
ZNF276,88.65092131,2.7733e-11,4.22345857e-7
DSC2,25.55707894,2.84e-11,4.325036e-7
MDFIC,64.78741357,2.9239e-11,4.45280731e-7
REM2,42.14767311,3.0218e-11,4.6018992200000003e-7
TMEM107,63.78329899,3.1044e-11,4.72769076e-7
HYAL3,-29.2454197,3.1991e-11,4.87190939e-7
GBP5,32.64913369,3.2722e-11,4.98323338e-7
RAI2,-28.91098623,3.5182e-11,5.35786678e-7
DNAH10,-23.42397884,3.522e-11,5.363653800000001e-7
FFAR3,20.59082794,3.7798e-11,5.756257419999999e-7
NCRNA00282,28.7241091,3.9166e-11,5.96459014e-7
CHM,75.09554128,3.9865e-11,6.071040850000001e-7
RAI1,-67.42446423,4.0916e-11,6.23109764e-7
TNFSF13B,27.64408665,4.137e-11,6.3002373e-7
ACVR1B,-71.34772139,4.3395e-11,6.608624550000001e-7
PCOLCE2,-17.55581413,4.601e-11,7.006862899999999e-7
ITK,93.63363934,4.7513e-11,7.23575477e-7
PVRL1,-50.48436936,4.7949e-11,7.30215321e-7
REEP4,-75.13834433,5.0293e-11,7.65912097e-7
IL2RG,57.10849178,5.1547e-11,7.85009263e-7
FAM101B,-41.51977029,5.5149e-11,8.398641210000001e-7
RXRA,-60.8563716,5.7839e-11,8.80830131e-7
SLC25A3,-85.40230778,6.0063e-11,9.146994269999999e-7
MEGF6,-49.40636889,6.3375e-11,9.65137875e-7
ZNF747,-78.48105363,6.5369e-11,9.95504501e-7
FGR,-67.42463833,6.641e-11,1.01135789e-6
NPEPL1,-67.39070107,6.7577e-11,1.029130133e-6
C5orf23,-19.91713138,6.8059e-11,1.036470511e-6
ALPK1,47.86675419,7.4057e-11,1.127814053e-6
FUCA2,-68.9401963,8.0658e-11,1.2283406820000001e-6
ANKRD32,53.38045951,8.3361e-11,1.2695046690000002e-6
INPP5D,-75.34453241,8.737e-11,1.33055773e-6
C14orf101,69.88423827,8.9505e-11,1.363071645e-6
MAN2B1,-73.43157259,8.9761e-11,1.366970269e-6
ATG2A,-44.63220078,9.233e-11,1.4060935700000002e-6
CD96,71.81961513,9.4446e-11,1.438318134e-6
SUOX,-59.46277055,1.0162e-10,1.54757098e-6
DOCK2,-78.09819866,1.0233e-10,1.5583835699999999e-6
ZNF862,74.56591572,1.0321e-10,1.57178509e-6
UBA1,67.852842,1.0479e-10,1.59584691e-6
FCGR1C,18.54867599,1.049e-10,1.5975220999999999e-6
DAPP1,64.16920193,1.0556e-10,1.60757324e-6
DTX4,-34.70623555,1.0802e-10,1.64503658e-6
CTDNEP1,-87.37665438,1.0819e-10,1.6476255100000001e-6
SCPEP1,-65.54610604,1.088e-10,1.6569152e-6
PCBP2,-83.39444088,1.1041e-10,1.68143389e-6
COL8A2,-37.95689688,1.1186e-10,1.70351594e-6
B3GNT9,45.63186498,1.1272e-10,1.71661288e-6
CEACAM8,-18.41310449,1.1305e-10,1.72163845e-6
C5orf45,52.58276998,1.1311e-10,1.72255219e-6
ZKSCAN2,-55.03383392,1.139e-10,1.7345831e-6
CTSD,-55.24552608,1.1787e-10,1.79504223e-6
MCOLN3,20.83868718,1.2072e-10,1.83844488e-6
LY9,70.96231176,1.2289e-10,1.87149181e-6
PRRT4,-22.17838763,1.2648e-10,1.9261639200000003e-6
IFIT3,26.99805001,1.2705e-10,1.9348444499999998e-6
FBRS,-84.79002295,1.2831e-10,1.95403299e-6
MDH2,-85.41316478,1.2929e-10,1.96895741e-6
TLR10,57.61439963,1.3239e-10,2.01616731e-6
SH2B3,-77.21624788,1.3252e-10,2.01814708e-6
LOC402778,-32.04338284,1.342e-10,2.0437318e-6
PADI4,-34.71990708,1.3481e-10,2.05302149e-6
CDKN2A,27.81442881,1.3985e-10,2.12977565e-6
RIN3,-77.29883039,1.4189e-10,2.1608428099999998e-6
ZNF254,47.37281662,1.4339e-10,2.18368631e-6
LPL,-19.91787119,1.4453e-10,2.20104737e-6
TTC26,23.66255072,1.4608e-10,2.22465232e-6
HSD3B7,25.91094804,1.4871e-10,2.26470459e-6
H2AFY,-79.26560008,1.6273e-10,2.47821517e-6
RTN1,-44.97492897,1.6545e-10,2.51963805e-6
H6PD,-52.62283262,1.7237e-10,2.62502273e-6
METRN,33.28366409,1.7662e-10,2.68974598e-6
VENTX,-35.09563674,1.8414e-10,2.8042680599999997e-6
FAM8A1,73.06347546,1.8794e-10,2.86213826e-6
NHS,-44.31895986,1.8796e-10,2.86244284e-6
PLAUR,52.65826823,1.9121e-10,2.91193709e-6
H2AFY2,-43.90549431,1.9729e-10,3.00452941e-6
OSBPL3,65.57750263,1.991e-10,3.0320939e-6
SULF2,-45.77539035,2.0801e-10,3.16778429e-6
FLJ39051,30.64419054,2.0884e-10,3.18042436e-6
ETF1,-111.57639613,2.1018e-10,3.2008312199999997e-6
C14orf106,-82.05267637,2.3189e-10,3.5314528099999997e-6
DDX58,35.85094496,2.3655000000000003e-10,3.6024199500000006e-6
PTPN9,-84.78501503,2.3782e-10,3.6217607800000002e-6
EMID1,-20.71530135,2.4461e-10,3.7251656899999998e-6
GADD45B,46.08194987,2.5886e-10,3.94217894e-6
PMEPA1,-55.46325229,2.6067e-10,3.96974343e-6
ULK2,-60.94218628,2.6254e-10,3.99822166e-6
PPP1R13L,45.93274857,2.6376e-10,4.01680104e-6
C19orf54,-62.21126974,2.6407e-10,4.02152203e-6
CASP4,47.36285562,2.7965e-10,4.25878985e-6
CDC42EP4,-50.58996602,2.8226e-10,4.298537540000001e-6
EML3,-72.94599605,2.9977e-10,4.56519733e-6
RASGRP1,89.77348673,3.026e-10,4.608295400000001e-6
TMEM38A,36.55768796,3.0924e-10,4.7094159600000005e-6
LRRC41,-91.66810846,3.2284e-10,4.91653036e-6
LOXL1,26.30160029,3.2685e-10,4.97759865e-6
ERG,-20.17963917,3.4743e-10,5.29101147e-6
CEBPA,-47.87023063,3.5301e-10,5.37598929e-6
VPS26B,-102.18552814,3.6094e-10,5.4967552599999995e-6
GBP2,36.04787469,3.6327e-10,5.53223883e-6
IL1B,37.20531803,3.7719e-10,5.744226510000001e-6
LOC100130633,66.00475984,3.9264e-10,5.97951456e-6
SFXN5,-60.90818205,3.9439e-10,6.00616531e-6
CAMSAP1,-88.6982652,4.1478e-10,6.31668462e-6
F12,-31.63878086,4.2027e-10,6.40029183e-6
SH3RF2,17.37589618,4.2729e-10,6.5071994099999995e-6
SLC27A1,-59.50789003,4.3384e-10,6.6069493600000005e-6
GOLGA7,88.93978748,4.3445e-10,6.6162390499999994e-06
NCALD,48.38233971,4.5786e-10,6.9727499400000005e-6
STK11IP,-81.99175581,4.7442e-10,7.22494218e-6
X5.Sep,-23.45303129,5.1065e-10,7.77668885e-6
ZNF768,-66.16458046,5.1142e-10,7.78841518e-6
NAGA,-70.35101076,5.5568e-10,8.46245072e-6
SLC43A3,-64.32992733,5.5616e-10,8.46976064e-6
TSHZ2,-28.06588123,5.5782e-10,8.49504078e-6
LAMB2,-27.20475617,5.6534e-10,8.609562860000001e-6
CISH,33.56874576,6.0754e-10,9.252226659999999e-6
TNPO2,-90.6917957,6.2357e-10,9.49634753e-6
DMWD,59.27046199,7.1314e-10,1.086040906e-5
KDM5B,-71.46199975,7.3893e-10,1.1253164969999999e-5
AMMECR1,73.94003569,7.5724e-10,1.153200796e-5
MAP3K3,-86.57341209,7.9193e-10,1.206030197e-5
SCARB1,-40.02215884,8.0835e-10,1.231036215e-5
AP1M1,-66.89830794,8.1834e-10,1.246249986e-5
PPP3CC,81.73704372,8.4243e-10,1.282936647e-5
GUSB,-76.76710243,8.6957e-10,1.324268153e-5
LRP3,-35.74545131,8.7101e-10,1.326461129e-5
MEF2D,-87.21347161,8.7775e-10,1.336725475e-5
GPR18,50.00296365,8.8314e-10,1.344933906e-5
SLC2A5,-24.78634037,9.0488e-10,1.378041752e-5
ACO2,-80.62120735,9.2165e-10,1.403580785e-5
C14orf4,-52.87479964,9.5523e-10,1.454719767e-5
EIF4EBP3,-41.59557324,9.844e-10,1.49914276e-5
SGPL1,-83.31918569,9.8534e-10,1.5005742860000001e-5
STXBP1,35.45173893,9.9018e-10,1.5079451219999999e-5
TCEANC,51.67769534,9.9753e-10,1.519138437e-5
COL17A1,-16.33546471,1.0876e-9,1.65630604e-5
FCGR2B,21.94531554,1.1016e-9,1.67762664e-5
CLEC2D,74.82611337,1.1082e-9,1.68767778e-5
KIAA0040,58.56827569,1.1116e-9,1.69285564e-5
CEACAM4,-33.04356125,1.1378e-9,1.73275562e-5
HGSNAT,-67.58025313,1.1514e-9,1.75346706e-5
AGFG1,-84.33934097,1.1541e-9,1.75757889e-5
PIP5K1C,-78.20871827,1.1603e-9,1.76702087e-5
PPP2R5D,-86.31686563,1.1743e-9,1.78834147e-5
GTF3C1,-77.68634951,1.1953e-9,1.82032237e-5
WHSC1L1,-74.73379165,1.197e-9,1.8229112999999997e-5
PCDH1,-26.75681965,1.2171e-9,1.85352159e-5
FBXW4,-84.05060829,1.2551e-9,1.9113917899999998e-5
NRXN2,-21.94224658,1.3123e-9,1.9985016699999998e-5
MPEG1,-50.19592687,1.3547e-9,2.06307263e-5
CNTNAP3,24.22341199,1.3699e-9,2.08622071e-5
SLC4A7,47.68610478,1.3972e-9,2.12779588e-5
ZFHX3,-39.51443603,1.432e-9,2.1807928e-5
DAK,-65.93309682,1.4322e-9,2.18109738e-5
ABCA13,-17.28258605,1.4333e-9,2.18277257e-5
KCNQ1,-69.1541162,1.4505e-9,2.20896645e-5
KRTAP5.1,20.91109616,1.4521e-9,2.21140309e-5
TMEM116,45.52833362,1.4567e-9,2.2184084299999998e-5
SORBS3,-63.42146869,1.4609e-9,2.22480461e-5
DDX60L,39.60856783,1.4686e-9,2.2365309400000002e-5
GBF1,-82.43082626,1.5067e-9,2.29455343e-5
IL1RAP,44.49290099,1.5111e-9,2.30125419e-5
CADM4,38.22134358,1.5648e-9,2.38303392e-5
PDGFD,36.73192975,1.6048e-9,2.4439499200000003e-5
DHX32,-47.0341587,1.6456e-9,2.50608424e-5
NCRNA00182,24.17402325,1.7014e-9,2.59106206e-5
SEZ6L,-28.78378858,1.7413e-9,2.65182577e-5
KCTD7,59.29853166,1.8595e-9,2.83183255e-5
TGFA,47.34744846,1.8696e-9,2.84721384e-5
PIM2,53.08380793,2.0446e-9,3.11372134e-5
PDGFRB,-26.2446957,2.1074e-9,3.20935946e-5
DNAJB12,-76.04409006,2.1397e-9,3.25854913e-5
TTC14,65.45514237,2.2217e-9,3.38342693e-5
FOXD2,31.5185148,2.2219e-9,3.38373151e-5
TK2,-57.88433822,2.2368e-9,3.40642272e-5
CD300LF,-50.8412262,2.2428e-9,3.41556012e-5
IFIT2,34.82495021,2.2986e-9,3.50053794e-5
FAM83H,-44.56628657,2.3145e-9,3.52475205e-5
PSME3,-68.33034671,2.4033e-9,3.65998557e-5
MLF2,-69.97502152,2.4725e-9,3.76537025e-5
IFIT5,35.62417066,2.4849e-9,3.78425421e-5
PHF2,-83.74419673,2.502e-9,3.8102957999999996e-5
CSF1R,-47.40294031,2.6078e-9,3.97141862e-5
LOC375196,-18.06901573,2.6129e-9,3.97918541e-5
C2CD2L,-56.60844939,2.618e-9,3.9869521999999995e-5
RIBC1,24.14660652,2.6503e-9,4.03614187e-5
AMN,30.7179347,2.7549e-9,4.19543721e-5
C16orf7,35.4941926,2.7839e-9,4.23960131e-5
APBA1,-30.00721039,2.9142e-9,4.4380351800000005e-5
GYLTL1B,41.84549076,2.9205e-9,4.44762945e-5
FAS,49.02947332,2.9507e-9,4.49362103e-5
NCOA6,-67.03777225,2.9661e-9,4.51707369e-5
AIM2,25.86593044,3.02e-9,4.599158e-5
PARVB,-30.79071905,3.0618e-9,4.66281522e-5
CDC14A,56.40564329,3.0812e-9,4.69235948e-5
HSPB1,37.18153543,3.0971e-9,4.71657359e-5
CYTH4,55.39382906,3.0972e-9,4.71672588e-5
CTBP2,-72.04030409,3.1203e-9,4.75190487e-5
GLS2,42.51882123,3.1404e-9,4.78251516e-5
BATF,40.71099597,3.1626e-9,4.8163235399999995e-5
PABPN1L,-24.63201634,3.2703e-9,4.98033987e-5
ZNF398,-64.42326011,3.3459e-9,5.0954711100000004e-5
FAAH,-32.93908403,3.5205e-9,5.36136945e-5
OASL,23.82125349,3.6229e-9,5.51731441e-5
APOL1,31.57317101,3.641e-9,5.5448789e-5
KIF13B,-67.36887144,3.7287e-9,5.67843723e-5
WIZ,-82.4583745,3.8524e-9,5.8668199599999995e-5
CD320,40.29798303,3.8761e-9,5.9029126899999996e-5
GRN,-49.3763909,3.966e-9,6.0398214e-5
ZNF609,-68.87202915,4.0592e-9,6.181755680000001e-5
PGS1,45.15967761,4.114e-9,6.265210599999999e-5
SPECC1,-35.35899329,4.2158e-9,6.42024182e-5
GSTZ1,-39.86084018,4.218e-9,6.4235922e-5
HK2,-49.3447316,4.2458e-9,6.46592882e-5
GPA33,38.49085628,4.3286e-9,6.59202494e-5
ZNF10,55.49637451,4.4597e-9,6.79167713e-5
CENPBD1,-52.29307914,4.5128e-9,6.872543120000001e-5
WNT10A,27.89280524,4.5137e-9,6.87391373e-5
TAP1,44.26539599,4.5604e-9,6.94503316e-5
CCDC76,65.38203638,4.5852e-9,6.982801080000001e-5
HM13,-52.16888619,4.7058e-9,7.16646282e-5
LAMC3,-18.50366918,4.9556e-9,7.546883239999999e-5
NHLRC1,-30.26838099,4.9814e-9,7.58617406e-5
CD6,57.19664415,5.4572e-9,8.310769879999999e-5
TRIM25,45.97418202,5.5228e-9,8.41067212e-5
MAFG,-53.19963439,5.5676e-9,8.47889804e-5
ODF2L,55.46096472,5.6039e-9,8.534179309999999e-5
C15orf29,39.81450431,5.6475e-9,8.60057775e-5
KLHL21,-66.45234926,5.6744e-9,8.64154376e-5
DBNL,-60.91875,5.8435e-9,8.89906615e-5
CLN3,-82.1736755,5.8455e-9,8.90211195e-5
PTDSS1,-72.6957501,5.8834e-9,8.95982986e-5
CEP78,48.23130812,5.9154e-9,9.00856266e-5
CAMP,-18.34640356,6.0609e-9,9.23014461e-5
POM121,-68.14374821,6.0812e-9,9.261059480000001e-5
RTKN2,27.67651265,6.1419e-9,9.35349951e-5
WDR54,55.59023028,6.2428e-9,9.50716012e-5
LRP1,-49.2901206,6.2954e-9,9.58726466e-5
DOT1L,-75.07271755,6.342e-9,9.6582318e-5
FOXJ2,-72.98710816,6.4452e-9,9.81539508e-5
FAM53B,-68.22764304,6.4671e-9,9.84874659e-5
ZNF540,54.10289729,6.4798e-9,9.86808742e-5
MTMR14,-76.94831351,6.5382e-9,9.95702478e-5
SP110,41.63315843,6.937e-9,1.05643573e-4
VPS4A,-107.15649141,7.2605e-9,1.105701545e-4
FZD2,-39.96271682,7.3488e-9,1.119148752e-4
SLAMF6,55.88699266,7.3522e-9,1.1196665380000001e-4
HSF4,30.81637487,7.6195e-9,1.1603736549999999e-4
ABTB1,-61.57286112,7.7002e-9,1.172663458e-4
FAM54B,-66.93617326,7.8467e-9,1.194973943e-4
AJAP1,-17.14715634,7.8602e-9,1.197029858e-4
SUFU,-85.7328406,7.9469e-9,1.210233401e-4
NDUFA10,-68.35247935,8.0322e-9,1.223223738e-4
SPTBN5,25.75669848,8.1338e-9,1.238696402e-4
ATXN2,-70.86551339,8.2944e-9,1.263154176e-4
SMTNL1,19.13215639,8.3289e-9,1.268408181e-4
TCF7L2,-36.32292454,8.5762e-9,1.3060694979999998e-4
SEPN1,-69.49787572,8.7274e-9,1.329095746e-4
FAM201A,-24.09528717,8.7793e-9,1.336999597e-4
BBC3,-44.15214897,9.2662e-9,1.411149598e-4
SUPT6H,-67.66778059,9.5897e-9,1.4604154130000001e-4
PI4KA,-75.32833198,9.5981e-9,1.461694649e-4
SOX4,-35.72939941,9.7902e-9,1.490949558e-4
DNAH17,32.82658709,9.9128e-9,1.509620312e-4
CCDC136,32.20454251,1.0255e-8,1.56173395e-4
USP4,-72.82466732,1.0272e-8,1.5643228799999998e-4
RAVER1,-69.43334788,1.0612e-8,1.61610148e-4
STAMBPL1,55.19674524,1.0643e-8,1.6208224699999999e-4
SLC7A10,-16.41134922,1.0726e-8,1.63346254e-4
BCKDHA,-60.15576425,1.0901e-8,1.66011329e-4
TPCN2,-52.44894021,1.0945e-8,1.66681405e-4
REXO2,50.2843074,1.0998e-8,1.67488542e-4
HPSE2,15.15829338,1.1047e-8,1.68234763e-4
ZNF548,57.86405298,1.1071e-8,1.68600259e-4
SCML4,42.74001243,1.1482e-8,1.74859378e-4
MLLT1,-63.58857722,1.1646e-8,1.77356934e-4
ZFP36L1,61.94711607,1.1913e-8,1.8142307700000002e-4
TOP3A,-71.86130872,1.1966e-8,1.8223021399999998e-4
MARVELD1,-39.00060484,1.2755e-8,1.94245895e-4
GAL3ST4,38.13840037,1.2889e-8,1.96286581e-4
POM121C,-63.47267571,1.317e-8,2.0056592999999999e-4
TNS3,-58.19339156,1.3486e-8,2.05378294e-4
SVIL,-60.48324692,1.3744e-8,2.09307376e-4
ASL,-59.82391729,1.3968e-8,2.12718672e-4
CCDC64,53.33831715,1.4343e-8,2.18429547e-4
AP3M2,47.66034458,1.5118e-8,2.30232022e-4
HN1,51.50604531,1.5416e-8,2.34770264e-4
GNB1,-93.61186732,1.5551e-8,2.3682617900000003e-4
CELSR2,-39.72837024,1.5833e-8,2.41120757e-4
GTF3C2,-90.0803059,1.6033e-8,2.44166557e-4
CS,-73.81547271,1.6305e-8,2.4830884499999997e-4
CD226,45.01543922,1.6377e-8,2.49405333e-4
STK32B,-26.04323986,1.6538e-8,2.51857202e-4
PTK6,28.8011251,1.6702e-8,2.54354758e-4
CD40LG,45.73086561,1.685e-8,2.5660864999999997e-4
DHRS12,30.58572817,1.7162e-8,2.6136009799999997e-4
PFKFB2,-40.8240877,1.7211e-8,2.6210631900000004e-4
PARN,-65.06036701,1.746e-8,2.6589834e-4
ATG13,-81.30347759,1.7556e-8,2.6736032399999997e-4
GPR172B,17.47634696,1.7796e-8,2.71015284e-4
RPGRIP1,-29.64824951,1.8226e-8,2.77563754e-4
IRF9,35.92937902,1.8399e-8,2.8019837100000004e-4
MOSC2,18.97581962,1.8574e-8,2.82863446e-4
RNF44,-69.36410419,1.8958e-8,2.88711382e-4
PSKH1,-77.38493171,1.9772e-8,3.01107788e-4
LRRC42,-53.03665045,1.9881e-8,3.02767749e-4
DHX57,-59.96717436,1.9891e-8,3.02920039e-4
RBM3,-44.59220564,1.9979e-8,3.04260191e-4
GP5,-32.43468907,2.048e-8,3.1188992e-4
P2RY14,25.12617806,2.0736e-8,3.15788544e-4
CARD17,20.87786148,2.075e-8,3.1600175e-4
WSCD1,-16.17374585,2.1052e-8,3.20600908e-4
UBAP2,-69.9459462,2.1275e-8,3.23996975e-4
TNFRSF10A,51.59442464,2.1341e-8,3.25002089e-4
MED14,71.71389325,2.1701e-8,3.3048452900000003e-4
SLC35A2,-66.59160464,2.1976e-8,3.3467250400000004e-4
CIZ1,-65.64019017,2.1986e-8,3.34824794e-4
UCK2,-50.8527716,2.2161e-8,3.37489869e-4
RFPL2,17.73947071,2.2262e-8,3.39027998e-4
NADSYN1,-70.8469216,2.2263e-8,3.39043227e-4
CAPNS1,-58.9307281,2.2677e-8,3.4534803299999996e-4
AKT2,-98.94331885,2.2685e-8,3.45469865e-4
CHI3L1,-20.38282401,2.348e-8,3.5757692e-4
TM9SF4,-75.88653755,2.3976e-8,3.6513050399999996e-4
PRCC,-79.02078508,2.4079e-8,3.66699091e-4
CCDC125,-39.92487809,2.4376e-8,3.71222104e-4
NAA50,-68.74761243,2.4981e-8,3.80435649e-4
PTPRN2,-21.51317262,2.5086e-8,3.82034694e-4
IFFO1,-61.73299894,2.5208e-8,3.83892632e-4
TRPM2,-39.53972675,2.5571e-8,3.89420759e-4
VPS37C,-54.18582365,2.5875e-8,3.94050375e-4
MGC12982,36.48485704,2.5901e-8,3.94446329e-4
LOC100128881,31.69018045,2.5954e-8,3.9525346599999996e-4
ZBTB44,-53.94105352,2.6022e-8,3.96289038e-4
ST5,-20.57707595,2.6376e-8,4.0168010400000003e-4
FLJ36031,33.36357256,2.6422e-8,4.02380638e-4
RPS6KA2,-37.5669859,2.6623e-8,4.05441667e-4
ITM2A,34.16094743,2.6897e-8,4.09614413e-4
DNASE1L1,-67.26035037,2.7858e-8,4.24249482e-4
SUV420H1,-74.64595922,2.8556e-8,4.34879324e-4
FXR2,-75.70945128,2.8809e-8,4.38732261e-4
VDAC1,-62.65666356,2.9196e-8,4.4462588399999997e-4
APLP2,-59.88593996,2.922e-8,4.4499138e-4
SLC48A1,-36.26525591,2.9505e-8,4.49331645e-4
CABLES2,-57.18312787,2.9571e-8,4.50336759e-4
MAPKAPK3,-49.99941686,2.9732e-8,4.52788628e-4
CD74,-51.9360069,2.9917e-8,4.5560599300000003e-4
ADIPOR2,-81.44631267,2.9994e-8,4.5677862599999996e-4
PSMB8,50.32045297,3.0532e-8,4.6497182799999995e-4
CYB561,32.9942745,3.0556e-8,4.6533732399999997e-4
ATP8B2,69.8672187,3.0759e-8,4.6842881099999997e-4
FYB,78.29534965,3.1309e-8,4.76804761e-4
AKT1,-62.96372974,3.2213e-8,4.90571777e-4
FLT3LG,59.13335432,3.2294e-8,4.91805326e-4
NMRAL1,-43.28295871,3.2755e-8,4.988258949999999e-4
PER1,-32.07654504,3.2897e-8,5.00988413e-4
NKIRAS2,-84.02132307,3.3904e-8,5.163240159999999e-4
PAG1,49.92522505,3.4439e-8,5.24471531e-4
DLEC1,32.15769829,3.444e-8,5.2448676e-4
C17orf103,-37.30056702,3.5483e-8,5.40370607e-4
TNFAIP3,54.96642398,3.5519e-8,5.40918851e-4
MOGS,-76.64488005,3.655e-8,5.5661995e-4
JARID2,-53.51714452,3.6997e-8,5.63427313e-4
NBN,63.52629771,3.7534e-8,5.716052859999999e-4
IFIT1,19.31499413,3.775e-8,5.7489475e-4
DLD,-73.83091385,3.8181e-8,5.81458449e-4
RSAD2,19.86764084,3.8464e-8,5.85768256e-4
KIF27,-30.41322125,3.9152e-8,5.962458079999999e-4
TRADD,58.69395293,3.9552e-8,6.02337408e-4
GPR183,43.67186617,3.9718e-8,6.048654219999999e-4
ACPP,-33.05023042,4.0252e-8,6.12997708e-4
YLPM1,-51.24951072,4.0661e-8,6.19226369e-4
KLHL6,68.82360049,4.0699e-8,6.19805071e-4
WDTC1,-60.46544855,4.2791e-8,6.51664139e-4
MAP7,-24.86264604,4.3011e-8,6.55014519e-4
EIF4A1,-62.82205365,4.3416e-8,6.611822640000001e-4
ABHD5,-45.08937086,4.3993e-8,6.69969397e-4
PSEN2,-45.17453651,4.4691e-8,6.80599239e-4
VCP,-54.87285014,4.6204e-8,7.03640716e-4
TLE2,39.61510724,4.6243e-8,7.04234647e-4
CD93,-35.49758206,4.6422e-8,7.069606379999999e-4
SH3TC1,-44.22855229,4.6966e-8,7.15245214e-4
COL6A3,-26.45937007,4.7177e-8,7.18458533e-4
RAE1,-71.18390284,4.7695e-8,7.263471549999999e-4
ZNF662,-25.03746384,4.8489e-8,7.38438981e-4
BUB3,86.97095514,4.866e-8,7.4104314e-4
UNC13D,-69.99634368,4.8933e-8,7.45200657e-4
IL23A,44.92142242,4.93e-8,7.507897e-4
C9orf46,38.41885037,4.9322e-8,7.51124738e-4
STRN4,-75.04236433,5.0189e-8,7.64328281e-4
SNED1,-26.99054849,5.2805e-8,8.04167345e-4
BMP4,15.71587153,5.2807e-8,8.041978029999999e-4
HAVCR2,-43.82230519,5.3308e-8,8.11827532e-4
IGF2R,-49.43438295,5.3366e-8,8.12710814e-4
GOLPH3L,53.59790016,5.3851e-8,8.200968789999999e-4
IL1RN,37.61530559,5.427e-8,8.2647783e-4
NPDC1,19.63185985,5.5625e-8,8.47113125e-4
PDLIM7,-61.65797828,5.5769e-8,8.49306101e-4
COL9A2,-25.85548078,5.6063e-8,8.537834269999999e-4
KCTD20,-75.73884912,5.6128e-8,8.54773312e-4
SCYL1,-64.44065878,5.6525e-8,8.608192249999999e-4
TMCC3,-49.58825146,5.7946e-8,8.82459634e-4
WASF2,-52.04348295,5.9884e-8,9.119734359999999e-4
XAF1,25.00627233,6.1032e-8,9.29456328e-4
C21orf90,15.36042113,6.2257e-8,9.48111853e-4
LTF,-15.79550704,6.4058e-8,9.75539282e-4
PTGES,-15.49292704,6.4417e-8,9.81006493e-4
ISG15,22.30180694,6.5128e-8,9.91834312e-4
PLXNA1,48.84408513,6.5153e-8,9.92215037e-4
CSRNP1,35.14588791,6.588e-8,0.00100328652
ESM1,17.91054575,6.5928e-8,0.0010040175120000002
FAM69A,56.15525935,6.6674e-8,0.001015378346
C20orf11,-72.50343077,6.6769e-8,0.0010168251009999999
XCL2,18.23174177,6.6871e-8,0.001018378459
ZMYM3,-71.8337203,6.6969e-8,0.0010198709009999998
SP140,38.13164566,6.7244e-8,0.001024058876
ZC3HAV1,40.85429397,6.7311e-8,0.001025079219
EPHX1,-44.59048289,6.7339e-8,0.001025505631
DUSP6,-43.36129887,6.7442e-8,0.001027074218
ALS2CL,33.67588537,6.7839e-8,0.0010331201310000001
SYTL2,37.44491021,6.7895e-8,0.001033972955
ZMAT1,45.04414117,6.7899e-8,0.0010340338710000002
DYNC1H1,-63.37128991,6.8596e-8,0.001044648484
BCORL1,-52.12132165,6.8994e-8,0.001050709626
C17orf62,53.918247,6.9398e-8,0.0010568621419999999
VARS,-61.75518297,7.0835e-8,0.001078746215
CPXM1,-18.69616977,7.1178e-8,0.0010839697620000002
BMI1,60.19018347,7.216e-8,0.00109892464
COQ2,-46.79565104,7.3921e-8,0.0011257429090000002
DOK4,22.48720918,7.6668e-8,0.0011675769719999998
UBE2E2,-50.67295592,7.7604e-8,0.001181831316
SPAG6,15.38166682,7.7629e-8,0.001182212041
POF1B,16.29397149,7.8558e-8,0.0011963597819999998
DPYSL2,-51.85059979,7.8662e-8,0.0011979435980000001
STAT6,-69.18918451,7.8675e-8,0.0011981415749999999
TRAF7,-74.49797759,7.8944e-8,0.001202238176
CHIC1,47.33855628,7.897e-8,0.00120263413
UBE4B,-71.71058252,7.9328e-8,0.001208086112
RASSF2,-69.15990543,8.0721e-8,0.001229300109
NAALADL1,-37.76411937,8.215e-8,0.0012510623500000002
TBC1D13,-91.79145458,8.3338e-8,0.0012691544020000001
ARID1B,-82.59444934,8.4351e-8,0.001284581379
S1PR1,63.17947203,8.5681e-8,0.001304835949
NCOR2,-55.85080187,8.6627e-8,0.001319242583
PLXNB2,-48.41587209,8.6919e-8,0.001323689451
GPR155,35.23237007,8.7072e-8,0.0013260194880000001
CCDC107,41.06917825,8.901e-8,0.00135553329
TXNRD1,-71.08929793,9.03e-8,0.0013751787
PPP1R3B,50.32427736,9.2488e-8,0.001408499752
NDUFV1,-80.43518341,9.3785e-8,0.001428251765
CHRAC1,-62.08062505,9.8417e-8,0.001498792493
LCK,59.1744663,9.8548e-8,0.0015007874920000002
CNNM1,-15.30160073,9.9068e-8,0.001508706572
FZD6,-25.31131537,9.9097e-8,0.001509148213
SPEG,26.37855669,9.9286e-8,0.001512026494
ZNF204P,37.91053775,1.0094e-7,0.00153721526
HDAC6,-74.55131004,1.0095e-7,0.00153736755
TRPM4,20.19059405,1.0103e-7,0.00153858587
EIF4G1,-59.97013783,1.0384e-7,0.00158137936
NAMPT,53.30532907,1.041e-7,0.0015853389
TGFBI,-41.13796892,1.0428e-7,0.0015880801200000001
IRX3,-13.40352593,1.0462e-7,0.00159325798
ARHGEF10L,-48.50607709,1.0662e-7,0.00162371598
ADRBK2,-54.58932395,1.0788e-7,0.00164290452
SEPT5.GP1BB,-21.60803467,1.0818e-7,0.0016474732200000002
NUP62CL,17.32182905,1.0929e-7,0.00166437741
KIAA0895L,36.76696256,1.0956e-7,0.00166848924
SUMO3,-65.74796373,1.0967e-7,0.00167016443
DIAPH1,-59.48005979,1.1316e-7,0.00172331364
HSD11B1,15.21031016,1.1471e-7,0.00174691859
TSHZ3,-35.11438569,1.1485e-7,0.00174905065
TLK2,-71.09495107,1.1533e-7,0.00175636057
GABARAPL1,-43.2276375,1.1639e-7,0.00177250331
PRR12,-58.57781018,1.1645e-7,0.00177341705
TUBE1,52.98838904,1.1774e-7,0.00179306246
DGCR6L,49.04688672,1.1817e-7,0.00179961093
LRRC8C,58.21554244,1.1863e-7,0.00180661627
TNFRSF9,-28.07548695,1.1879e-7,0.0018090529099999998
HERC5,20.80184827,1.1905e-7,0.00181301245
HNRNPUL1,-68.46222402,1.1948e-7,0.00181956092
ZNF683,16.58253294,1.2032e-7,0.00183235328
PPM1H,-33.03950683,1.21e-7,0.001842709
CNGB1,14.17068652,1.2117e-7,0.0018452979299999998
CD209,27.82321292,1.216e-7,0.0018518464
PLCB2,-49.58191037,1.2274e-7,0.00186920746
CCDC47,-76.70780382,1.2297e-7,0.00187271013
BAG6,-35.73831478,1.2349e-7,0.00188062921
SPEN,-61.9235583,1.2362e-7,0.0018826089799999998
PRSS21,13.84116327,1.2446e-7,0.0018954013399999998
MEGF9,-57.24963473,1.2535e-7,0.00190895515
NF2,-66.04247865,1.266e-7,0.0019279914000000001
DCUN1D4,58.47877589,1.2722e-7,0.00193743338
TBXAS1,-48.30982897,1.3086e-7,0.00199286694
MICAL2,-26.09472002,1.3249e-7,0.00201769021
RAB22A,-83.1190704,1.3278e-7,0.00202210662
NKPD1,22.80782807,1.3452e-7,0.00204860508
RAP1GAP2,-65.27369213,1.3467e-7,0.00205088943
CENPO,-55.35443348,1.3845e-7,0.00210845505
SYN1,-19.89154714,1.3856e-7,0.00211013024
RAB37,-43.29235411,1.3898e-7,0.0021165264199999997
MYB,-27.56546997,1.4511e-7,0.00220988019
ACRC,32.56108737,1.4653e-7,0.00223150537
DFNB31,20.76593562,1.5129e-7,0.00230399541
PWWP2B,-51.24513802,1.5301e-7,0.00233018929
SLBP,-57.03702439,1.5393e-7,0.00234419997
ZMIZ1,-52.35860257,1.5393e-7,0.00234419997
SRPR,-69.30206168,1.5401e-7,0.00234541829
VSIG1,47.16196757,1.5402e-7,0.00234557058
KCNE3,-46.15699583,1.5516e-7,0.00236293164
SAP130,-57.86486556,1.5625e-7,0.00237953125
EIF4ENIF1,-65.25769392,1.5753e-7,0.0023990243700000003
CD47,83.98769749,1.5765e-7,0.0024008518500000004
RCC2,-66.8464179,1.6222e-7,0.0024704483800000003
PLOD3,-61.97882391,1.6287e-7,0.00248034723
LAX1,46.12942081,1.6401e-7,0.00249770829
KIAA1045,-19.83857158,1.6467e-7,0.00250775943
CRTC2,-74.43133465,1.6655e-7,0.0025363899499999997
HTT,-78.36395704,1.6785e-7,0.00255618765
PTPN18,-67.47678289,1.7047e-7,0.00259608763
SPRED2,-33.76111514,1.7095e-7,0.00260339755
RBP7,-29.56533019,1.7292e-7,0.00263339868
ADAM15,-34.57225741,1.7338e-7,0.00264040402
ALDH3A2,-65.80817557,1.7411e-7,0.0026515211899999997
AARS,-49.57093721,1.7463e-7,0.00265944027
OMA1,62.06718346,1.7932e-7,0.0027308642799999997
LCN2,-14.47612101,1.8009e-7,0.0027425906099999998
CTNNBIP1,-53.48439069,1.8021e-7,0.00274441809
TIMP3,-14.5449761,1.8386e-7,0.0028000039400000003
H19,-15.4730813,1.8539e-7,0.00282330431
TAF4,-59.63438144,1.8666e-7,0.0028426451400000003
HSPA7,16.64736752,1.8766e-7,0.00285787414
RBM16,-78.64932132,1.8932e-7,0.00288315428
KLF13,-70.17634869,1.9042e-7,0.00289990618
MYH9,-45.61861916,1.9143e-7,0.0029152874699999998
SLC36A4,-50.46776669,1.9247e-7,0.0029311256300000002
TRAF5,60.84928395,1.936e-7,0.0029483344
DLEU7,-24.38232868,1.9486e-7,0.0029675229400000004
BCL3,41.59096858,1.9539e-7,0.00297559431
ASB13,-42.82210568,1.9594e-7,0.0029839702599999997
OCIAD2,47.24741594,1.9877e-7,0.00302706833
PIK3CB,-67.93882449,2.036e-7,0.0031006244
SH3RF3,-24.46558535,2.0818e-7,0.00317037322
PATL2,26.94950244,2.0964e-7,0.00319260756
TNFSF13,-51.87478347,2.1012e-7,0.0031999174800000003
AFF1,49.32017121,2.1232e-7,0.00323342128
MYO1E,-35.85962941,2.1537e-7,0.00327986973
UBE2L6,27.96525629,2.1825e-7,0.0033237292500000004
AP2A1,-41.03406517,2.1897e-7,0.00333469413
ZCCHC2,32.30703508,2.1992e-7,0.00334916168
IFI6,19.29991962,2.2248e-7,0.00338814792
PLD1,-40.72048499,2.2596e-7,0.00344114484
TRAF1,42.3550918,2.2615e-7,0.00344403835
ACOX3,-49.67285871,2.2921e-7,0.00349063909
UBE2MP1,-56.07501266,2.3529e-7,0.00358323141
AACS,-51.523235,2.3573e-7,0.0035899321700000003
TSPYL5,-26.35008886,2.3592e-7,0.0035928256800000003
GALM,32.87885014,2.3704e-7,0.0036098821600000002
MREG,32.81505495,2.3976e-7,0.0036513050400000004
ZMYM4,-79.0042676,2.4162e-7,0.00367963098
C1orf127,-23.97333443,2.4364e-7,0.0037103935599999997
NONO,-70.26204793,2.4615e-7,0.0037486183500000003
KHDRBS1,-66.24495076,2.4724e-7,0.0037652179599999996
KIAA0368,-55.64955637,2.4828e-7,0.00378105612
TBC1D8,-37.0027904,2.4955e-7,0.0038003969500000003
GIGYF2,-67.56620504,2.503e-7,0.0038118187
S100A11,47.77404616,2.569e-7,0.0039123301
LYSMD2,39.28451167,2.5787e-7,0.00392710223
PYGM,35.8828703,2.5813e-7,0.00393106177
CTDSP1,-69.75477775,2.5888e-7,0.00394248352
BIRC3,47.87217554,2.5955e-7,0.00395268695
OLFM2,38.24678401,2.6126e-7,0.00397872854
FAM168B,-71.36568283,2.6328e-7,0.00400949112
SPECC1L,-64.27554669,2.6385e-7,0.00401817165
ANO10,-43.84754133,2.6417e-7,0.0040230449300000005
FCGR2A,39.13304991,2.6472e-7,0.00403142088
ATP5B,-58.5900708,2.6564e-7,0.00404543156
CTPS2,-46.28768407,2.6626e-7,0.00405487354
CECR1,-48.99609562,2.6857e-7,0.00409005253
PHF20,-67.49254158,2.7154e-7,0.0041352826600000005
ZNF746,-59.33182257,2.7161e-7,0.00413634869
PLCH2,-24.23332794,2.7195e-7,0.00414152655
COQ10A,52.25372904,2.7531e-7,0.00419269599
UPP1,36.81618417,2.7597e-7,0.00420274713
C14orf102,-45.91018234,2.7643e-7,0.00420975247
ZNF592,-72.11703516,2.8041e-7,0.00427036389
ST8SIA4,56.48995683,2.8076e-7,0.00427569404
FBP1,-33.42478883,2.8531e-7,0.00434498599
PRRC2B,-67.28320995,2.8575e-7,0.004351686749999999
C20orf118,37.78345382,2.8871e-7,0.00439676459
ZDHHC23,37.25578268,2.8881e-7,0.00439828749
BRF1,-77.77326148,2.9292e-7,0.0044608786800000005
UQCRC2,-62.27061828,3.0377e-7,0.004626113330000001
PANK4,-61.29740441,3.1308e-7,0.00476789532
LCOR,46.42988306,3.1541e-7,0.0048033788899999996
KIAA0319,24.7560707,3.1671e-7,0.00482317659
ITGB4,19.27307468,3.1998e-7,0.00487297542
UBAP2L,-66.59299232,3.2599e-7,0.00496450171
FGF9,20.16882606,3.2633e-7,0.00496967957
PDXK,-43.95573426,3.3028e-7,0.00502983412
FIBP,-66.31090581,3.3114e-7,0.005042931059999999
SAMSN1,46.01200949,3.3828e-7,0.00515166612
MMP9,-25.35730874,3.3859e-7,0.0051563871100000006
AMPD2,-40.34229502,3.3934e-7,0.00516780886
STK10,-66.08568417,3.4204e-7,0.005208927160000001
PLCB3,-50.75312562,3.429e-7,0.0052220241
G6PD,-46.68665233,3.4534e-7,0.00525918286
EXOC3L,19.87415158,3.4666e-7,0.00527928514
PRPF8,-61.1228768,3.4688e-7,0.00528263552
BRD3,-48.58812967,3.4693e-7,0.00528339697
KCMF1,-75.5996894,3.4745e-7,0.00529131605
FAM155B,13.97838513,3.4799e-7,0.00529953971
RGS16,18.11192969,3.4858e-7,0.00530852482
S100Z,-29.82310072,3.4966e-7,0.00532497214
NUMA1,-56.15235283,3.5734e-7,0.00544193086
BATF2,17.79691279,3.5918e-7,0.00546995222
LEPRE1,-63.48596166,3.6134e-7,0.00550284686
PPP6R1,-75.42561521,3.6335e-7,0.00553345715
ZNF185,-24.88364994,3.6526e-7,0.00556254454
RNF144B,-36.75816397,3.6681e-7,0.00558614949
INO80B,-60.55369853,3.6766e-7,0.00559909414
DCLRE1B,-53.86199437,3.6966e-7,0.00562955214
BFSP1,20.2841174,3.7457e-7,0.00570432653
MAST3,-48.31895905,3.7816e-7,0.00575899864
LOC255512,-21.95432284,3.8015e-7,0.005789304350000001
NUDT3,-50.57514526,3.8062e-7,0.00579646198
ZNF628,-46.30961957,3.9348e-7,0.00599230692
ITFG3,-65.02935131,3.9447e-7,0.00600738363
ATXN10,-65.02396144,3.9504e-7,0.00601606416
BAP1,-95.56618308,3.9511e-7,0.00601713019
HOXC4,19.46898967,3.962e-7,0.0060337298
SORCS3,-18.14633111,3.9625e-7,0.00603449125
AHNAK2,-22.72582533,4.0355e-7,0.006145662949999999
UPF1,-63.46730794,4.053e-7,0.0061723137
RHOA,-69.79830415,4.0549e-7,0.00617520721
LDHD,-19.27688061,4.056e-7,0.0061768824
FGD2,-46.79404467,4.0927e-7,0.00623277283
DNAH6,19.01011442,4.0951e-7,0.00623642779
GBP1,25.49865021,4.178e-7,0.0063626762
ARL6IP5,74.54085189,4.1985e-7,0.00639389565
POLDIP2,-72.49349253,4.234e-7,0.0064479585999999995
TRAPPC9,-43.85535485,4.2753e-7,0.00651085437
ATP6AP1,-56.07069298,4.2764e-7,0.00651252956
CRISP3,-15.27313589,4.2932e-7,0.00653811428
RNF187,-29.2297678,4.3417e-7,0.006611974929999999
FAM193A,-68.83958046,4.3617e-7,0.00664243293
NMI,35.67009971,4.442e-7,0.006764721800000001
ZFP36L2,-51.44413473,4.5109e-7,0.0068696496099999995
LOC390940,-16.80976504,4.6265e-7,0.00704569685
FGFR1OP,33.00498137,4.6438e-7,0.00707204302
EFTUD2,-57.17484703,4.6501e-7,0.00708163729
STAT4,48.94927094,4.6504e-7,0.00708209416
DHRS7B,-51.91627603,4.6583e-7,0.0070941250699999995
SNX17,-70.24579186,4.7315e-7,0.00720560135
PROK2,29.4000403,4.738e-7,0.007215500200000001
BCAS3,-52.31723649,4.7463e-7,0.00722814027
C22orf36,-20.0964414,4.7516e-7,0.007236211639999999
MIR766,14.21389972,4.8599e-7,0.007401141710000001
KIAA0513,-44.56983999,4.8702e-7,0.007416827579999999
UHRF1BP1L,-65.53731298,4.8918e-7,0.00744972222
X3.Mar,27.13072541,4.9426e-7,0.007527085540000001
HUWE1,-58.74945713,4.9627e-7,0.007557695830000001
LOC439949,26.63622489,4.9643e-7,0.0075601324700000005
C2orf18,-61.74220875,4.9776e-7,0.00758038704
DOCK1,-22.2837074,5.0407e-7,0.00767648203
VAMP5,28.82049568,5.0556e-7,0.007699173240000001
SNX9,-59.22257538,5.1196e-7,0.00779663884
SNX20,58.98615015,5.2221e-7,0.00795273609
TTC28,-26.81188469,5.2272e-7,0.00796050288
RAB11FIP5,27.15625822,5.2459e-7,0.00798898111
AEN,50.76106096,5.3614e-7,0.00816487606
CASP6,55.1146138,5.3838e-7,0.00819898902
LARP1,-55.45849036,5.5212e-7,0.00840823548
ETV7,14.51290797,5.5814e-7,0.00849991406
KCNC4,31.80983274,5.5837e-7,0.008503416730000001
LLGL2,47.23606023,5.685e-7,0.008657686500000001
CD80,15.638352,5.7228e-7,0.00871525212
FAM49A,-54.535582,5.7801e-7,0.008802514289999999
KLHL18,-65.90191884,5.7956e-7,0.00882611924
INPP5A,-52.20265312,5.8299e-7,0.00887835471
ERC1,-53.17457894,5.8447e-7,0.00890089363
PNPLA2,-35.32201973,5.8841e-7,0.00896089589
GJD3,-26.68714727,5.9732e-7,0.009096586280000001
KCNE1,-24.58082961,6.0079e-7,0.009149430909999999
SYTL1,-60.03414546,6.0307e-7,0.00918415303
KDM4B,-58.62311839,6.0929e-7,0.009278877409999999
ELOVL1,-77.53515146,6.1674e-7,0.009392333460000001
HDAC5,-53.46522985,6.2244e-7,0.00947913876
MTX3,56.07039484,6.2304e-7,0.009488276160000001
PLIN4,28.25820553,6.2967e-7,0.00958924443
RELB,36.937156709999996,6.3231e-7,0.009629448990000001
KDM4A,-59.99527549,6.4129e-7,0.009766205410000001
C16orf74,-29.53061844,6.4528e-7,0.00982696912
GCA,50.84924945,6.4872e-7,0.009879356879999999
MAML3,-48.40476119,6.5199e-7,0.00992915571
NDST1,-31.59078148,6.5817e-7,0.01002327093
JAK3,33.83054329,6.5907e-7,0.01003697703
SCAF1,-56.15430531,6.7103e-7,0.01021911587
NOTCH2,-52.11338136,6.7289e-7,0.01024744181
EFNA1,19.24781291,6.7482e-7,0.01027683378
ACN9,39.73010344,6.7811e-7,0.01032693719
AP3D1,-64.79953514,6.8552e-7,0.01043978408
SSTR3,23.73305859,6.8813e-7,0.01047953177
DHCR7,-43.47853796,6.9062e-7,0.01051745198
THEM5,19.22188906,6.9109e-7,0.01052460961
GLYR1,-65.69182145,6.9516e-7,0.01058659164
EPS15L1,-57.06978753,7.0438e-7,0.010727003019999999
UROS,-40.93120335,7.2187e-7,0.01099335823
FLJ35390,-36.22767948,7.4094e-7,0.01128377526
DOCK4,21.83687355,7.4393e-7,0.01132930997
KIAA0913,-62.43139951,7.4865e-7,0.011401190850000001
IRF7,28.69658599,7.559e-7,0.011511601100000001
C10orf47,-21.91359539,7.6455e-7,0.011643331949999999
KANK1,20.00869053,7.6801e-7,0.011696024289999999
NUP93,-48.42222685,7.6856e-7,0.01170440024
ATF6,36.83885325,7.6893e-7,0.01171003497
SFRS15,-57.36477633,7.8008e-7,0.01187983832
SH3RF1,-25.46997677,7.8265e-7,0.01191897685
SPATA6,-29.37471162,7.9843e-7,0.01215929047
MKL1,-62.73113263,8.0658e-7,0.01228340682
DDB1,-61.50122728,8.0775e-7,0.01230122475
NDUFS1,-60.07653591,8.1891e-7,0.01247118039
SNX30,-60.88960596,8.3105e-7,0.01265606045
SYVN1,-59.35200629,8.4525e-7,0.01287231225
LOC283875,-27.51106244,8.4591e-7,0.01288236339
AGFG2,47.854068409999996,8.5968e-7,0.01309206672
CLIP2,-45.11390768,8.6396e-7,0.01315724684
CCR1,26.79614269,8.8471e-7,0.01347324859
USP9X,61.79845068,8.8756e-7,0.01351665124
APOBEC3G,43.43631881,8.9837e-7,0.013681276729999999
TP53I3,-25.77739336,9.0139e-7,0.01372726831
SRCAP,-58.82236666,9.1866e-7,0.01399027314
RNF149,52.13659844,9.2022e-7,0.01401403038
CA11,38.52785085,9.239e-7,0.014070073099999999
OAF,-35.99674227,9.2816e-7,0.01413494864
CYP4F3,-31.14245106,9.3024e-7,0.01416662496
PARP12,33.11684627,9.3241e-7,0.01419967189
SNX29,-49.78372893,9.4834e-7,0.01444226986
ACADS,-61.99472401,9.5251e-7,0.01450577479
WWP2,-59.50456082,9.5718e-7,0.01457689422
RBM15B,-69.44016233,9.625e-7,0.014657912500000002
SETX,-59.33274642,9.676e-7,0.014735580400000002
STARD9,35.29281263,9.8442e-7,0.01499173218
CCDC146,23.03224478,9.8927e-7,0.01506559283
EIF3B,-50.69994457,1.0072e-6,0.015338648800000002
KIAA1377,29.55283264,1.0184e-6,0.0155092136
MFNG,-59.34147045,1.0277e-6,0.015650843299999998
PRIM1,45.40035206,1.0387e-6,0.0158183623
GYS1,-64.78022854,1.0542e-6,0.0160544118
LY86.AS1,14.49054165,1.0656e-6,0.0162280224
SND1,-53.80836122,1.077e-6,0.016401633
PPAP2A,35.60251929,1.0793e-6,0.016436659699999998
VOPP1,43.10260159,1.0817e-6,0.0164732093
EIF4A2,71.64490276,1.0833e-6,0.0164975757
HECTD1,-81.8958705,1.085e-6,0.016523465
PTPRH,13.59119458,1.0954e-6,0.016681846599999998
PRSS36,-32.95055118,1.0979e-6,0.016719919099999998
ARHGAP31,-45.07283003,1.1106e-6,0.0169133274
CARD9,-38.07495249,1.1192e-6,0.0170442968
GLTP,-56.13753856,1.1243e-6,0.0171219647
CD84,37.82887006,1.1308e-6,0.0172209532
CARD8,52.78207372,1.1436e-6,0.017415884399999998
ARL8A,-63.40198616,1.1463e-6,0.017457002699999998
SLC7A6,68.48067147,1.1512e-6,0.017531624800000003
DVL3,-64.58434219,1.1517e-6,0.0175392393
EVC,-18.61343924,1.1653e-6,0.017746353700000002
COASY,-75.6089587,1.1811e-6,0.0179869719
LYVE1,19.55070758,1.189e-6,0.018107281
ITPRIPL2,-38.60326771,1.1945e-6,0.0181910405
ARL2BP,-78.04507588,1.1971e-6,0.0182306359
LOC400931,-24.84102993,1.2007e-6,0.0182854603
SERTAD2,-49.76510677,1.2106e-6,0.018436227399999998
SP100,47.1827785,1.2111e-6,0.0184438419
ADRBK1,-82.15476389,1.2163e-6,0.018523032699999997
ALDOA,-56.2051942,1.2237e-6,0.018635727300000002
AAMP,-52.77754932,1.2296e-6,0.0187255784
CCDC109B,58.03722832,1.2329e-6,0.018775834100000003
ZG16B,16.54909468,1.2372e-6,0.0188413188
CTSE,13.22691881,1.243e-6,0.018929647
MYST1,-58.87830788,1.2565e-6,0.0191352385
CYLD,76.38437275,1.2648e-6,0.0192616392
DCTN1,-51.46103185,1.2671e-6,0.0192966659
MEF2C,-42.18676215,1.2732e-6,0.0193895628
NKD1,19.97662502,1.2758e-6,0.019429158199999998
CPSF3,-52.43619147,1.287e-6,0.019599723
DTX3L,36.84392373,1.3063e-6,0.019893642700000002
SH3BP1,-41.20039114,1.3132e-6,0.0199987228
ZNF780B,46.2225068,1.3136e-6,0.0200048144
PACSIN1,-25.07248297,1.3155e-6,0.0200337495
PROM1,-14.41655338,1.3418e-6,0.0204342722
TC2N,55.36082237,1.3662e-6,0.0208058598
ADNP,-78.02960001,1.3682e-6,0.0208363178
FAM57A,-21.2687427,1.3688e-6,0.020845455199999998
TUBGCP3,-65.73934421,1.3734e-6,0.0209155086
SF3A1,-52.61230149,1.3934e-6,0.021220088600000003
BRPF1,-66.79297657,1.4134e-6,0.0215246686
MAP2K4,-69.82358372,1.4237e-6,0.0216815273
MGRN1,-38.37824943,1.4273e-6,0.0217363517
GSTK1,49.70782838,1.4332e-6,0.021826202800000003
ADCK3,-36.40196604,1.4399e-6,0.0219282371
STX5,-62.24136115,1.4783e-6,0.022513030700000002
NLRC3,58.9114742,1.4784e-6,0.022514553599999997
GPRC5B,16.73689159,1.481e-6,0.022554149000000003
RPS6KA4,-52.90210201,1.4823e-6,0.0225739467
OTX1,-20.9101547,1.4845e-6,0.022607450499999997
ANXA3,22.47565867,1.4997e-6,0.0228389313
SH2D3A,56.87038267,1.5091e-6,0.022982083900000002
ANXA11,-49.19761131,1.5094e-6,0.022986652599999997
UBR4,-55.13847612,1.5223e-6,0.0231831067
CCDC69,-48.51129421,1.5247e-6,0.0232196563
C6orf136,-63.4670936,1.5319e-6,0.023329305100000003
PRDM1,35.91320204,1.5521e-6,0.0236369309
TKT,-45.97581917,1.5584e-6,0.0237328736
PCCB,-45.22380471,1.5588e-6,0.0237389652
PFAS,-52.78176853,1.561e-6,0.023772469
C9orf86,-68.40213591,1.5775e-6,0.024023747499999998
NRSN2,-28.6534662,1.5779e-6,0.0240298391
IL7R,40.75715378,1.5833e-6,0.0241120757
VPS18,-49.48144642,1.6167e-6,0.024620724299999997
TTLL12,-51.45522571,1.6227e-6,0.0247120983
APBA3,59.00066542,1.6251e-6,0.0247486479
PPP1R12C,-72.55027639,1.6272e-6,0.0247806288
CXCL5,15.93976424,1.6275e-6,0.0247851975
MCOLN2,23.15408445,1.6399e-6,0.0249740371
RAB40C,-57.45315415,1.6403e-6,0.0249801287
CSDC2,-11.04186551,1.6515e-6,0.0251506935
PPP1R12B,-32.85423156,1.6771e-6,0.0255405559
SPTLC2,-55.66324049,1.6892e-6,0.0257248268
VPS54,-66.26908082,1.698e-6,0.025858842
RTN4RL2,-20.73596448,1.7016e-6,0.0259136664
CCDC39,30.41568396,1.7186e-6,0.0261725594
ZNF354B,37.07471421,1.7189e-6,0.0261771281
ELMO2,-61.16528926,1.7231e-6,0.0262410899
WDR1,-58.79649692,1.7444e-6,0.0265654676
FBXO41,-47.33643631,1.7563e-6,0.0267466927
C3orf59,20.96744514,1.7677e-6,0.0269203033
SLC38A10,-47.67654776,1.7722e-6,0.0269888338
FOXN3,-55.7035898,1.8001e-6,0.0274137229
DDX19B,-50.62772773,1.8075e-6,0.0275264175
UBE2M,-57.62122081,1.8089e-6,0.0275477381
PKN1,-55.15908313,1.8211e-6,0.0277335319
EIF2C1,-56.23832686,1.8336e-6,0.0279238944
C1orf115,21.55045302,1.8354e-6,0.0279513066
YPEL2,-62.5580529,1.8532e-6,0.0282223828
RENBP,-41.92817099,1.8583e-6,0.028300050700000003
AK2,-61.08032018,1.8688e-6,0.0284599552
COL13A1,-15.45715048,1.8696e-6,0.0284721384
PAK2,-55.6452301,1.8855e-6,0.0287142795
GLB1L,-19.32542129,1.8916e-6,0.0288071764
CYBB,-44.90607993,1.9166e-6,0.0291879014
PRKACB,41.56859502,1.9224e-6,0.0292762296
STARD7,-60.71367971,1.9309e-6,0.0294056761
HSPA6,26.94983867,1.9559e-6,0.029786401100000002
ATP2A2,-63.33121837,1.9708e-6,0.0300133132
PARP14,23.69248477,1.9753e-6,0.0300818437
OCRL,-43.40443212,1.9809e-6,0.0301671261
C9orf64,-46.63230214,1.988e-6,0.030275252
CLEC4G,-15.74454229,1.9978e-6,0.0304244962
CD3E,45.38243871,2.0084e-6,0.030585923600000002
FBRSL1,-59.80068885,2.0101e-6,0.0306118129
RYR1,-25.49197492,2.0157e-6,0.0306970953
MYCN,-14.51980831,2.0265e-6,0.0308615685
MAMLD1,16.48940079,2.0291e-6,0.030901163900000004
GCET2,37.51714703,2.055e-6,0.031295594999999996
LASS2,-63.1396,2.0599e-6,0.0313702171
IMPACT,-55.04635073,2.0697e-6,0.031519461299999996
CAMK4,37.39036474,2.0928e-6,0.0318712512
CBX8,-33.99672072,2.0972e-6,0.0319382588
ST6GALNAC1,15.49550321,2.0993e-6,0.0319702397
C13orf23,-63.89497709,2.1202e-6,0.0322885258
TRRAP,-57.81773093,2.1345e-6,0.0325063005
RNF212,-17.31690757,2.1652e-6,0.0329738308
CDV3,-58.53015307,2.1774e-6,0.0331596246
PRPF19,-48.56944934,2.1822e-6,0.0332327238
GIMAP2,39.52849081,2.2302e-6,0.033963715799999995
REPIN1,-65.3636348,2.2851e-6,0.0347997879
C13orf15,33.7854941,2.3104e-6,0.0351850816
HIVEP3,-29.68244158,2.3118e-6,0.0352064022
NAB2,-42.75855498,2.3124e-6,0.0352155396
KIAA1967,-60.29655986,2.3143e-6,0.0352444747
CHST14,-53.57581059,2.3495e-6,0.0357805355
X2.Mar,-20.62454657,2.3549e-6,0.0358627721
RBM12,-82.23535308,2.363e-6,0.035986127
ZNF57,36.03205218,2.3778e-6,0.0362115162
KCNH7,22.63767589,2.3811e-6,0.036261771899999996
AFF3,-45.49839583,2.3824e-6,0.0362815696
MAPKAPK2,-52.34369782,2.4077e-6,0.0366668633
C1GALT1,43.28274477,2.4223e-6,0.0368892067
COPS3,-38.05736557,2.4782e-6,0.037740507799999996
AFG3L2,-56.17266297,2.5132e-6,0.0382735228
ARRB1,-38.1443936,2.524e-6,0.038437995999999995
UQCRC1,-55.50435347,2.5279e-6,0.0384973891
LOC400680,12.86012379,2.558e-6,0.038955782
DUSP8,22.64732559,2.5601e-6,0.0389877629
SPHK2,-65.53719052,2.5791e-6,0.0392771139
XYLT1,-45.49393251,2.5821e-6,0.039322800899999996
LPPR3,-12.99245961,2.5967e-6,0.0395451443
EMR3,-37.09659679,2.6007e-6,0.039606060299999996
ZNF300,22.8541861,2.6184e-6,0.039875613600000005
SLC5A9,-18.03300674,2.6246e-6,0.0399700334
LAMP3,18.81883696,2.6262e-6,0.0399943998
KLF3,-63.52870273,2.6491e-6,0.0403431439
BAI2,22.76198182,2.6533e-6,0.0404071057
TNIP3,15.06811404,2.6681e-6,0.040632494899999996
IQSEC1,-60.78093599,2.6895e-6,0.040958395499999994
FADS1,-22.95075531,2.6903e-6,0.040970578699999996
OTUD3,43.64905044,2.6904e-6,0.040972101600000005
KIAA0090,-55.23203056,2.7114e-6,0.0412919106
IFI16,33.66219756,2.7145e-6,0.0413391205
COMT,-45.66032469,2.7189e-6,0.0414061281
NR4A1,-20.63472172,2.7229e-6,0.041467044099999996
S1PR3,-25.22026593,2.7326e-6,0.041614765399999996
LOC100129066,13.38581457,2.7438e-6,0.0417853302
AMOT,31.66057111,2.7581e-6,0.0420031049
CECR5,-50.55046815,2.766e-6,0.042123414
CCNB3,-17.62860805,2.781e-6,0.042351849000000004
EPM2A,-40.37599924,2.7879e-6,0.0424569291
CPT2,-51.31263677,2.7939e-6,0.042548303100000004
ATG4B,-67.81814077,2.8139e-6,0.042852883099999996
FAM105A,-64.47606632,2.8193e-6,0.042935119699999996
LOC730102,-30.76586785,2.8197e-6,0.0429412113
SEPW1,40.24762523,2.8386e-6,0.043229039399999995
TMEM156,35.93382164,2.8506e-6,0.0434117874
SMARCD2,-60.60693797,2.8831e-6,0.0439067299
CD40,32.19279309,2.8851e-6,0.0439371879
DEGS2,-16.34573222,2.9172e-6,0.044426038800000005
LOC728743,50.5307706,2.938e-6,0.044742802
MED22,-59.19663025,2.9391e-6,0.0447595539
LOC643008,15.1372318,2.9417e-6,0.0447991493
PHF13,-46.50753274,2.9681e-6,0.0452011949
C14orf132,-16.87888201,2.9723e-6,0.045265156699999996
LSM2,49.7909007,2.9827e-6,0.045423538299999996
RPL36,38.45875625,2.9827e-6,0.045423538299999996
NFIC,-41.58173942,2.9926e-6,0.0455743054
CST3,-34.39634901,3.0625e-6,0.0466388125
TLN1,-46.4148667,3.0931e-6,0.047104819900000004
CAPRIN2,45.59045686,3.113e-6,0.047407877
PC,32.95069291,3.1212e-6,0.0475327548
ZC4H2,39.03089889,3.1399e-6,0.0478175371
MYO9B,-55.1342516,3.1635e-6,0.0481769415
AGPAT3,-55.79596693,3.1638e-6,0.0481815102
APH1A,-68.60312247,3.1657e-6,0.0482104453
FAM113B,37.55769157,3.1665e-6,0.0482226285
IPO5,-72.4454258,3.1707e-6,0.0482865903
TNNI2,-28.40433038,3.1764e-6,0.0483733956
FPGS,-59.20532327,3.1873e-6,0.0485393917
PLD6,30.93772557,3.2047e-6,0.0488043763
PRRG4,21.27926591,3.2062e-6,0.0488272198
TNFRSF8,-30.69774399,3.2433e-6,0.0493922157
